frame_number,event,score,timestamp
218,! Pedestrian too close to vehicle (distance: 0.5m),6,7.266666666666667
218,! Pedestrian too close to vehicle (distance: 0.3m),6,7.266666666666667
219,! Pedestrian too close to vehicle (distance: 0.6m),6,7.3
219,! Pedestrian too close to vehicle (distance: 0.5m),6,7.3
220,! Pedestrian too close to vehicle (distance: 0.7m),6,7.333333333333333
220,! Pedestrian too close to vehicle (distance: 0.6m),6,7.333333333333333
221,! Pedestrian too close to vehicle (distance: 0.8m),6,7.366666666666666
221,! Pedestrian too close to vehicle (distance: 0.5m),6,7.366666666666666
222,! Pedestrian too close to vehicle (distance: 0.9m),6,7.4
222,! Pedestrian too close to vehicle (distance: 0.6m),6,7.4
223,! Pedestrian too close to vehicle (distance: 0.9m),6,7.433333333333334
223,! Pedestrian too close to vehicle (distance: 0.6m),6,7.433333333333334
224,! Pedestrian too close to vehicle (distance: 1.0m),6,7.466666666666667
224,! Pedestrian too close to vehicle (distance: 0.6m),6,7.466666666666667
225,! Pedestrian too close to vehicle (distance: 1.1m),6,7.5
225,! Pedestrian too close to vehicle (distance: 0.6m),6,7.5
226,! Pedestrian too close to vehicle (distance: 1.2m),6,7.533333333333333
226,! Pedestrian too close to vehicle (distance: 0.6m),6,7.533333333333333
227,! Pedestrian too close to vehicle (distance: 1.4m),6,7.566666666666666
227,! Pedestrian too close to vehicle (distance: 0.6m),6,7.566666666666666
228,! Pedestrian too close to vehicle (distance: 1.5m),6,7.6
228,! Pedestrian too close to vehicle (distance: 0.6m),6,7.6
229,! Pedestrian too close to vehicle (distance: 1.7m),6,7.633333333333334
229,! Pedestrian too close to vehicle (distance: 0.6m),6,7.633333333333334
230,! Pedestrian too close to vehicle (distance: 1.9m),6,7.666666666666667
230,! Pedestrian too close to vehicle (distance: 0.6m),6,7.666666666666667
231,! Pedestrian too close to vehicle (distance: 0.7m),3,7.7
232,! Pedestrian too close to vehicle (distance: 0.8m),3,7.733333333333333
233,! Pedestrian too close to vehicle (distance: 0.9m),3,7.766666666666667
234,! Pedestrian too close to vehicle (distance: 1.0m),3,7.8
235,! Pedestrian too close to vehicle (distance: 1.0m),3,7.833333333333333
236,! Pedestrian too close to vehicle (distance: 0.9m),3,7.866666666666666
237,! Pedestrian too close to vehicle (distance: 0.9m),3,7.9
238,! Pedestrian too close to vehicle (distance: 0.9m),3,7.933333333333334
239,! Pedestrian too close to vehicle (distance: 1.0m),3,7.966666666666667
240,! Pedestrian too close to vehicle (distance: 1.1m),3,8.0
241,! Pedestrian too close to vehicle (distance: 1.1m),3,8.033333333333333
242,! Pedestrian too close to vehicle (distance: 1.1m),3,8.066666666666666
243,! Pedestrian too close to vehicle (distance: 1.2m),3,8.1
244,! Pedestrian too close to vehicle (distance: 1.2m),3,8.133333333333333
245,! Pedestrian too close to vehicle (distance: 1.3m),3,8.166666666666666
246,! Pedestrian too close to vehicle (distance: 1.3m),3,8.2
247,! Pedestrian too close to vehicle (distance: 1.4m),3,8.233333333333333
248,! Pedestrian too close to vehicle (distance: 1.4m),3,8.266666666666667
249,! Pedestrian too close to vehicle (distance: 1.5m),3,8.3
250,! Pedestrian too close to vehicle (distance: 1.5m),3,8.333333333333334
251,! Pedestrian too close to vehicle (distance: 1.6m),3,8.366666666666667
252,! Pedestrian too close to vehicle (distance: 1.6m),3,8.4
253,! Pedestrian too close to vehicle (distance: 1.7m),3,8.433333333333334
254,! Pedestrian too close to vehicle (distance: 1.7m),3,8.466666666666667
255,! Pedestrian too close to vehicle (distance: 1.7m),3,8.5
256,! Pedestrian too close to vehicle (distance: 1.8m),3,8.533333333333333
257,! Pedestrian too close to vehicle (distance: 1.8m),3,8.566666666666666
258,! Pedestrian too close to vehicle (distance: 1.9m),3,8.6
259,! Pedestrian too close to vehicle (distance: 1.9m),3,8.633333333333333
260,! Pedestrian too close to vehicle (distance: 2.0m),3,8.666666666666666
536,! Pedestrian too close to vehicle (distance: 0.7m),3,17.866666666666667
537,! Pedestrian too close to vehicle (distance: 0.7m),3,17.9
538,! Pedestrian too close to vehicle (distance: 0.8m),3,17.933333333333334
539,! Pedestrian too close to vehicle (distance: 0.8m),3,17.966666666666665
540,! Pedestrian too close to vehicle (distance: 0.9m),3,18.0
541,! Pedestrian too close to vehicle (distance: 0.9m),3,18.033333333333335
542,! Pedestrian too close to vehicle (distance: 0.9m),3,18.066666666666666
543,! Pedestrian too close to vehicle (distance: 1.0m),3,18.1
544,! Pedestrian too close to vehicle (distance: 1.0m),3,18.133333333333333
545,! Pedestrian too close to vehicle (distance: 1.1m),3,18.166666666666668
546,! Pedestrian too close to vehicle (distance: 1.1m),3,18.2
547,! Pedestrian too close to vehicle (distance: 1.1m),3,18.233333333333334
548,! Pedestrian too close to vehicle (distance: 1.2m),3,18.266666666666666
549,! Pedestrian too close to vehicle (distance: 1.2m),3,18.3
550,! Pedestrian too close to vehicle (distance: 1.2m),3,18.333333333333332
551,! Pedestrian too close to vehicle (distance: 1.3m),3,18.366666666666667
552,! Pedestrian too close to vehicle (distance: 1.4m),3,18.4
553,! Pedestrian too close to vehicle (distance: 1.4m),3,18.433333333333334
554,! Pedestrian too close to vehicle (distance: 1.4m),3,18.466666666666665
555,! Pedestrian too close to vehicle (distance: 1.5m),3,18.5
556,! Pedestrian too close to vehicle (distance: 1.5m),3,18.533333333333335
557,! Pedestrian too close to vehicle (distance: 1.6m),3,18.566666666666666
558,! Pedestrian too close to vehicle (distance: 1.6m),3,18.6
559,! Pedestrian too close to vehicle (distance: 1.7m),3,18.633333333333333
560,! Pedestrian too close to vehicle (distance: 1.7m),3,18.666666666666668
561,! Pedestrian too close to vehicle (distance: 1.8m),3,18.7
562,! Pedestrian too close to vehicle (distance: 1.8m),3,18.733333333333334
1597,! Pedestrian too close to vehicle (distance: 1.9m),3,53.233333333333334
1598,! Pedestrian too close to vehicle (distance: 1.7m),3,53.266666666666666
1599,! Pedestrian too close to vehicle (distance: 1.6m),3,53.3
1600,! Pedestrian too close to vehicle (distance: 1.5m),3,53.333333333333336
1601,! Pedestrian too close to vehicle (distance: 1.4m),3,53.36666666666667
1602,! Pedestrian too close to vehicle (distance: 1.3m),3,53.4
1603,! Pedestrian too close to vehicle (distance: 1.3m),3,53.43333333333333
1604,! Pedestrian too close to vehicle (distance: 1.2m),3,53.46666666666667
1605,! Pedestrian too close to vehicle (distance: 1.2m),3,53.5
1606,! Pedestrian too close to vehicle (distance: 1.2m),3,53.53333333333333
1607,! Pedestrian too close to vehicle (distance: 1.0m),3,53.56666666666667
1608,! Pedestrian too close to vehicle (distance: 1.0m),3,53.6
1609,! Pedestrian too close to vehicle (distance: 0.9m),3,53.63333333333333
1610,! Pedestrian too close to vehicle (distance: 0.9m),3,53.666666666666664
1611,! Pedestrian too close to vehicle (distance: 0.9m),3,53.7
1612,! Pedestrian too close to vehicle (distance: 0.9m),3,53.733333333333334
1613,! Pedestrian too close to vehicle (distance: 0.9m),3,53.766666666666666
1614,! Pedestrian too close to vehicle (distance: 1.0m),3,53.8
1615,! Pedestrian too close to vehicle (distance: 1.0m),3,53.833333333333336
1616,! Pedestrian too close to vehicle (distance: 1.0m),3,53.86666666666667
1617,! Pedestrian too close to vehicle (distance: 1.0m),3,53.9
1618,! Pedestrian too close to vehicle (distance: 0.9m),3,53.93333333333333
1619,! Pedestrian too close to vehicle (distance: 0.9m),3,53.96666666666667
1620,! Pedestrian too close to vehicle (distance: 1.0m),3,54.0
1621,! Pedestrian too close to vehicle (distance: 0.9m),3,54.03333333333333
1622,! Pedestrian too close to vehicle (distance: 1.0m),3,54.06666666666667
1623,! Pedestrian too close to vehicle (distance: 1.2m),3,54.1
1624,! Pedestrian too close to vehicle (distance: 1.2m),3,54.13333333333333
1625,! Pedestrian too close to vehicle (distance: 1.2m),3,54.166666666666664
1626,! Pedestrian too close to vehicle (distance: 1.3m),3,54.2
1627,! Pedestrian too close to vehicle (distance: 1.3m),3,54.233333333333334
1628,! Pedestrian too close to vehicle (distance: 1.3m),3,54.266666666666666
1629,! Pedestrian too close to vehicle (distance: 1.3m),3,54.3
1630,! Pedestrian too close to vehicle (distance: 1.3m),3,54.333333333333336
1631,! Pedestrian too close to vehicle (distance: 1.3m),3,54.36666666666667
1632,! Pedestrian too close to vehicle (distance: 1.3m),3,54.4
1633,! Pedestrian too close to vehicle (distance: 1.3m),3,54.43333333333333
1634,! Pedestrian too close to vehicle (distance: 1.3m),3,54.46666666666667
1635,! Pedestrian too close to vehicle (distance: 1.3m),3,54.5
1636,! Pedestrian too close to vehicle (distance: 1.3m),3,54.53333333333333
1637,! Pedestrian too close to vehicle (distance: 1.3m),3,54.56666666666667
1638,! Pedestrian too close to vehicle (distance: 1.3m),3,54.6
1639,! Pedestrian too close to vehicle (distance: 1.3m),3,54.63333333333333
1640,! Pedestrian too close to vehicle (distance: 1.3m),3,54.666666666666664
0,No risks detected,0,0.0
1,No risks detected,0,0.03333333333333333
2,No risks detected,0,0.06666666666666667
3,No risks detected,0,0.1
4,No risks detected,0,0.13333333333333333
5,No risks detected,0,0.16666666666666666
6,No risks detected,0,0.2
7,No risks detected,0,0.23333333333333334
8,No risks detected,0,0.26666666666666666
9,No risks detected,0,0.3
10,No risks detected,0,0.3333333333333333
11,No risks detected,0,0.36666666666666664
12,No risks detected,0,0.4
13,No risks detected,0,0.43333333333333335
14,No risks detected,0,0.4666666666666667
15,No risks detected,0,0.5
16,No risks detected,0,0.5333333333333333
17,No risks detected,0,0.5666666666666667
18,No risks detected,0,0.6
19,No risks detected,0,0.6333333333333333
20,No risks detected,0,0.6666666666666666
21,No risks detected,0,0.7
22,No risks detected,0,0.7333333333333333
23,No risks detected,0,0.7666666666666667
24,No risks detected,0,0.8
25,No risks detected,0,0.8333333333333334
26,No risks detected,0,0.8666666666666667
27,No risks detected,0,0.9
28,No risks detected,0,0.9333333333333333
29,No risks detected,0,0.9666666666666667
30,No risks detected,0,1.0
31,No risks detected,0,1.0333333333333334
32,No risks detected,0,1.0666666666666667
33,No risks detected,0,1.1
34,No risks detected,0,1.1333333333333333
35,No risks detected,0,1.1666666666666667
36,No risks detected,0,1.2
37,No risks detected,0,1.2333333333333334
38,No risks detected,0,1.2666666666666666
39,No risks detected,0,1.3
40,No risks detected,0,1.3333333333333333
41,No risks detected,0,1.3666666666666667
42,No risks detected,0,1.4
43,No risks detected,0,1.4333333333333333
44,No risks detected,0,1.4666666666666666
45,No risks detected,0,1.5
46,No risks detected,0,1.5333333333333334
47,No risks detected,0,1.5666666666666667
48,No risks detected,0,1.6
49,No risks detected,0,1.6333333333333333
50,No risks detected,0,1.6666666666666667
51,No risks detected,0,1.7
52,No risks detected,0,1.7333333333333334
53,No risks detected,0,1.7666666666666666
54,No risks detected,0,1.8
55,No risks detected,0,1.8333333333333333
56,No risks detected,0,1.8666666666666667
57,No risks detected,0,1.9
58,No risks detected,0,1.9333333333333333
59,No risks detected,0,1.9666666666666666
60,No risks detected,0,2.0
61,No risks detected,0,2.033333333333333
62,No risks detected,0,2.066666666666667
63,No risks detected,0,2.1
64,No risks detected,0,2.1333333333333333
65,No risks detected,0,2.1666666666666665
66,No risks detected,0,2.2
67,No risks detected,0,2.2333333333333334
68,No risks detected,0,2.2666666666666666
69,No risks detected,0,2.3
70,No risks detected,0,2.3333333333333335
71,No risks detected,0,2.3666666666666667
72,No risks detected,0,2.4
73,No risks detected,0,2.433333333333333
74,No risks detected,0,2.466666666666667
75,No risks detected,0,2.5
76,No risks detected,0,2.533333333333333
77,No risks detected,0,2.566666666666667
78,No risks detected,0,2.6
79,No risks detected,0,2.6333333333333333
80,No risks detected,0,2.6666666666666665
81,No risks detected,0,2.7
82,No risks detected,0,2.7333333333333334
83,No risks detected,0,2.7666666666666666
84,No risks detected,0,2.8
85,No risks detected,0,2.8333333333333335
86,No risks detected,0,2.8666666666666667
87,No risks detected,0,2.9
88,No risks detected,0,2.933333333333333
89,No risks detected,0,2.966666666666667
90,No risks detected,0,3.0
91,No risks detected,0,3.033333333333333
92,No risks detected,0,3.066666666666667
93,No risks detected,0,3.1
94,No risks detected,0,3.1333333333333333
95,No risks detected,0,3.1666666666666665
96,No risks detected,0,3.2
97,No risks detected,0,3.2333333333333334
98,No risks detected,0,3.2666666666666666
99,No risks detected,0,3.3
100,No risks detected,0,3.3333333333333335
101,No risks detected,0,3.3666666666666667
102,No risks detected,0,3.4
103,No risks detected,0,3.433333333333333
104,No risks detected,0,3.466666666666667
105,No risks detected,0,3.5
106,No risks detected,0,3.533333333333333
107,No risks detected,0,3.566666666666667
108,No risks detected,0,3.6
109,No risks detected,0,3.6333333333333333
110,No risks detected,0,3.6666666666666665
111,No risks detected,0,3.7
112,No risks detected,0,3.7333333333333334
113,No risks detected,0,3.7666666666666666
114,No risks detected,0,3.8
115,No risks detected,0,3.8333333333333335
116,No risks detected,0,3.8666666666666667
117,No risks detected,0,3.9
118,No risks detected,0,3.933333333333333
119,No risks detected,0,3.966666666666667
120,No risks detected,0,4.0
121,No risks detected,0,4.033333333333333
122,No risks detected,0,4.066666666666666
123,No risks detected,0,4.1
124,No risks detected,0,4.133333333333334
125,No risks detected,0,4.166666666666667
126,No risks detected,0,4.2
127,No risks detected,0,4.233333333333333
128,No risks detected,0,4.266666666666667
129,No risks detected,0,4.3
130,No risks detected,0,4.333333333333333
131,No risks detected,0,4.366666666666666
132,No risks detected,0,4.4
133,No risks detected,0,4.433333333333334
134,No risks detected,0,4.466666666666667
135,No risks detected,0,4.5
136,No risks detected,0,4.533333333333333
137,No risks detected,0,4.566666666666666
138,No risks detected,0,4.6
139,No risks detected,0,4.633333333333334
140,No risks detected,0,4.666666666666667
141,No risks detected,0,4.7
142,No risks detected,0,4.733333333333333
143,No risks detected,0,4.766666666666667
144,No risks detected,0,4.8
145,No risks detected,0,4.833333333333333
146,No risks detected,0,4.866666666666666
147,No risks detected,0,4.9
148,No risks detected,0,4.933333333333334
149,No risks detected,0,4.966666666666667
150,No risks detected,0,5.0
151,No risks detected,0,5.033333333333333
152,No risks detected,0,5.066666666666666
153,No risks detected,0,5.1
154,No risks detected,0,5.133333333333334
155,No risks detected,0,5.166666666666667
156,No risks detected,0,5.2
157,No risks detected,0,5.233333333333333
158,No risks detected,0,5.266666666666667
159,No risks detected,0,5.3
160,No risks detected,0,5.333333333333333
161,No risks detected,0,5.366666666666666
162,No risks detected,0,5.4
163,No risks detected,0,5.433333333333334
164,No risks detected,0,5.466666666666667
165,No risks detected,0,5.5
166,No risks detected,0,5.533333333333333
167,No risks detected,0,5.566666666666666
168,No risks detected,0,5.6
169,No risks detected,0,5.633333333333334
170,No risks detected,0,5.666666666666667
171,No risks detected,0,5.7
172,No risks detected,0,5.733333333333333
173,No risks detected,0,5.766666666666667
174,No risks detected,0,5.8
175,No risks detected,0,5.833333333333333
176,No risks detected,0,5.866666666666666
177,No risks detected,0,5.9
178,No risks detected,0,5.933333333333334
179,No risks detected,0,5.966666666666667
180,No risks detected,0,6.0
181,No risks detected,0,6.033333333333333
182,No risks detected,0,6.066666666666666
183,No risks detected,0,6.1
184,No risks detected,0,6.133333333333334
185,No risks detected,0,6.166666666666667
186,No risks detected,0,6.2
187,No risks detected,0,6.233333333333333
188,No risks detected,0,6.266666666666667
189,No risks detected,0,6.3
190,No risks detected,0,6.333333333333333
191,No risks detected,0,6.366666666666666
192,No risks detected,0,6.4
193,No risks detected,0,6.433333333333334
194,No risks detected,0,6.466666666666667
195,No risks detected,0,6.5
196,No risks detected,0,6.533333333333333
197,No risks detected,0,6.566666666666666
198,No risks detected,0,6.6
199,No risks detected,0,6.633333333333334
200,No risks detected,0,6.666666666666667
201,No risks detected,0,6.7
202,No risks detected,0,6.733333333333333
203,No risks detected,0,6.766666666666667
204,No risks detected,0,6.8
205,No risks detected,0,6.833333333333333
206,No risks detected,0,6.866666666666666
207,No risks detected,0,6.9
208,No risks detected,0,6.933333333333334
209,No risks detected,0,6.966666666666667
210,No risks detected,0,7.0
211,No risks detected,0,7.033333333333333
212,No risks detected,0,7.066666666666666
213,No risks detected,0,7.1
214,No risks detected,0,7.133333333333334
215,No risks detected,0,7.166666666666667
216,No risks detected,0,7.2
217,No risks detected,0,7.233333333333333
261,No risks detected,0,8.7
262,No risks detected,0,8.733333333333333
263,No risks detected,0,8.766666666666667
264,No risks detected,0,8.8
265,No risks detected,0,8.833333333333334
266,No risks detected,0,8.866666666666667
267,No risks detected,0,8.9
268,No risks detected,0,8.933333333333334
269,No risks detected,0,8.966666666666667
270,No risks detected,0,9.0
271,No risks detected,0,9.033333333333333
272,No risks detected,0,9.066666666666666
273,No risks detected,0,9.1
274,No risks detected,0,9.133333333333333
275,No risks detected,0,9.166666666666666
276,No risks detected,0,9.2
277,No risks detected,0,9.233333333333333
278,No risks detected,0,9.266666666666667
279,No risks detected,0,9.3
280,No risks detected,0,9.333333333333334
281,No risks detected,0,9.366666666666667
282,No risks detected,0,9.4
283,No risks detected,0,9.433333333333334
284,No risks detected,0,9.466666666666667
285,No risks detected,0,9.5
286,No risks detected,0,9.533333333333333
287,No risks detected,0,9.566666666666666
288,No risks detected,0,9.6
289,No risks detected,0,9.633333333333333
290,No risks detected,0,9.666666666666666
291,No risks detected,0,9.7
292,No risks detected,0,9.733333333333333
293,No risks detected,0,9.766666666666667
294,No risks detected,0,9.8
295,No risks detected,0,9.833333333333334
296,No risks detected,0,9.866666666666667
297,No risks detected,0,9.9
298,No risks detected,0,9.933333333333334
299,No risks detected,0,9.966666666666667
300,No risks detected,0,10.0
301,No risks detected,0,10.033333333333333
302,No risks detected,0,10.066666666666666
303,No risks detected,0,10.1
304,No risks detected,0,10.133333333333333
305,No risks detected,0,10.166666666666666
306,No risks detected,0,10.2
307,No risks detected,0,10.233333333333333
308,No risks detected,0,10.266666666666667
309,No risks detected,0,10.3
310,No risks detected,0,10.333333333333334
311,No risks detected,0,10.366666666666667
312,No risks detected,0,10.4
313,No risks detected,0,10.433333333333334
314,No risks detected,0,10.466666666666667
315,No risks detected,0,10.5
316,No risks detected,0,10.533333333333333
317,No risks detected,0,10.566666666666666
318,No risks detected,0,10.6
319,No risks detected,0,10.633333333333333
320,No risks detected,0,10.666666666666666
321,No risks detected,0,10.7
322,No risks detected,0,10.733333333333333
323,No risks detected,0,10.766666666666667
324,No risks detected,0,10.8
325,No risks detected,0,10.833333333333334
326,No risks detected,0,10.866666666666667
327,No risks detected,0,10.9
328,No risks detected,0,10.933333333333334
329,No risks detected,0,10.966666666666667
330,No risks detected,0,11.0
331,No risks detected,0,11.033333333333333
332,No risks detected,0,11.066666666666666
333,No risks detected,0,11.1
334,No risks detected,0,11.133333333333333
335,No risks detected,0,11.166666666666666
336,No risks detected,0,11.2
337,No risks detected,0,11.233333333333333
338,No risks detected,0,11.266666666666667
339,No risks detected,0,11.3
340,No risks detected,0,11.333333333333334
341,No risks detected,0,11.366666666666667
342,No risks detected,0,11.4
343,No risks detected,0,11.433333333333334
344,No risks detected,0,11.466666666666667
345,No risks detected,0,11.5
346,No risks detected,0,11.533333333333333
347,No risks detected,0,11.566666666666666
348,No risks detected,0,11.6
349,No risks detected,0,11.633333333333333
350,No risks detected,0,11.666666666666666
351,No risks detected,0,11.7
352,No risks detected,0,11.733333333333333
353,No risks detected,0,11.766666666666667
354,No risks detected,0,11.8
355,No risks detected,0,11.833333333333334
356,No risks detected,0,11.866666666666667
357,No risks detected,0,11.9
358,No risks detected,0,11.933333333333334
359,No risks detected,0,11.966666666666667
360,No risks detected,0,12.0
361,No risks detected,0,12.033333333333333
362,No risks detected,0,12.066666666666666
363,No risks detected,0,12.1
364,No risks detected,0,12.133333333333333
365,No risks detected,0,12.166666666666666
366,No risks detected,0,12.2
367,No risks detected,0,12.233333333333333
368,No risks detected,0,12.266666666666667
369,No risks detected,0,12.3
370,No risks detected,0,12.333333333333334
371,No risks detected,0,12.366666666666667
372,No risks detected,0,12.4
373,No risks detected,0,12.433333333333334
374,No risks detected,0,12.466666666666667
375,No risks detected,0,12.5
376,No risks detected,0,12.533333333333333
377,No risks detected,0,12.566666666666666
378,No risks detected,0,12.6
379,No risks detected,0,12.633333333333333
380,No risks detected,0,12.666666666666666
381,No risks detected,0,12.7
382,No risks detected,0,12.733333333333333
383,No risks detected,0,12.766666666666667
384,No risks detected,0,12.8
385,No risks detected,0,12.833333333333334
386,No risks detected,0,12.866666666666667
387,No risks detected,0,12.9
388,No risks detected,0,12.933333333333334
389,No risks detected,0,12.966666666666667
390,No risks detected,0,13.0
391,No risks detected,0,13.033333333333333
392,No risks detected,0,13.066666666666666
393,No risks detected,0,13.1
394,No risks detected,0,13.133333333333333
395,No risks detected,0,13.166666666666666
396,No risks detected,0,13.2
397,No risks detected,0,13.233333333333333
398,No risks detected,0,13.266666666666667
399,No risks detected,0,13.3
400,No risks detected,0,13.333333333333334
401,No risks detected,0,13.366666666666667
402,No risks detected,0,13.4
403,No risks detected,0,13.433333333333334
404,No risks detected,0,13.466666666666667
405,No risks detected,0,13.5
406,No risks detected,0,13.533333333333333
407,No risks detected,0,13.566666666666666
408,No risks detected,0,13.6
409,No risks detected,0,13.633333333333333
410,No risks detected,0,13.666666666666666
411,No risks detected,0,13.7
412,No risks detected,0,13.733333333333333
413,No risks detected,0,13.766666666666667
414,No risks detected,0,13.8
415,No risks detected,0,13.833333333333334
416,No risks detected,0,13.866666666666667
417,No risks detected,0,13.9
418,No risks detected,0,13.933333333333334
419,No risks detected,0,13.966666666666667
420,No risks detected,0,14.0
421,No risks detected,0,14.033333333333333
422,No risks detected,0,14.066666666666666
423,No risks detected,0,14.1
424,No risks detected,0,14.133333333333333
425,No risks detected,0,14.166666666666666
426,No risks detected,0,14.2
427,No risks detected,0,14.233333333333333
428,No risks detected,0,14.266666666666667
429,No risks detected,0,14.3
430,No risks detected,0,14.333333333333334
431,No risks detected,0,14.366666666666667
432,No risks detected,0,14.4
433,No risks detected,0,14.433333333333334
434,No risks detected,0,14.466666666666667
435,No risks detected,0,14.5
436,No risks detected,0,14.533333333333333
437,No risks detected,0,14.566666666666666
438,No risks detected,0,14.6
439,No risks detected,0,14.633333333333333
440,No risks detected,0,14.666666666666666
441,No risks detected,0,14.7
442,No risks detected,0,14.733333333333333
443,No risks detected,0,14.766666666666667
444,No risks detected,0,14.8
445,No risks detected,0,14.833333333333334
446,No risks detected,0,14.866666666666667
447,No risks detected,0,14.9
448,No risks detected,0,14.933333333333334
449,No risks detected,0,14.966666666666667
450,No risks detected,0,15.0
451,No risks detected,0,15.033333333333333
452,No risks detected,0,15.066666666666666
453,No risks detected,0,15.1
454,No risks detected,0,15.133333333333333
455,No risks detected,0,15.166666666666666
456,No risks detected,0,15.2
457,No risks detected,0,15.233333333333333
458,No risks detected,0,15.266666666666667
459,No risks detected,0,15.3
460,No risks detected,0,15.333333333333334
461,No risks detected,0,15.366666666666667
462,No risks detected,0,15.4
463,No risks detected,0,15.433333333333334
464,No risks detected,0,15.466666666666667
465,No risks detected,0,15.5
466,No risks detected,0,15.533333333333333
467,No risks detected,0,15.566666666666666
468,No risks detected,0,15.6
469,No risks detected,0,15.633333333333333
470,No risks detected,0,15.666666666666666
471,No risks detected,0,15.7
472,No risks detected,0,15.733333333333333
473,No risks detected,0,15.766666666666667
474,No risks detected,0,15.8
475,No risks detected,0,15.833333333333334
476,No risks detected,0,15.866666666666667
477,No risks detected,0,15.9
478,No risks detected,0,15.933333333333334
479,No risks detected,0,15.966666666666667
480,No risks detected,0,16.0
481,No risks detected,0,16.033333333333335
482,No risks detected,0,16.066666666666666
483,No risks detected,0,16.1
484,No risks detected,0,16.133333333333333
485,No risks detected,0,16.166666666666668
486,No risks detected,0,16.2
487,No risks detected,0,16.233333333333334
488,No risks detected,0,16.266666666666666
489,No risks detected,0,16.3
490,No risks detected,0,16.333333333333332
491,No risks detected,0,16.366666666666667
492,No risks detected,0,16.4
493,No risks detected,0,16.433333333333334
494,No risks detected,0,16.466666666666665
495,No risks detected,0,16.5
496,No risks detected,0,16.533333333333335
497,No risks detected,0,16.566666666666666
498,No risks detected,0,16.6
499,No risks detected,0,16.633333333333333
500,No risks detected,0,16.666666666666668
501,No risks detected,0,16.7
502,No risks detected,0,16.733333333333334
503,No risks detected,0,16.766666666666666
504,No risks detected,0,16.8
505,No risks detected,0,16.833333333333332
506,No risks detected,0,16.866666666666667
507,No risks detected,0,16.9
508,No risks detected,0,16.933333333333334
509,No risks detected,0,16.966666666666665
510,No risks detected,0,17.0
511,No risks detected,0,17.033333333333335
512,No risks detected,0,17.066666666666666
513,No risks detected,0,17.1
514,No risks detected,0,17.133333333333333
515,No risks detected,0,17.166666666666668
516,No risks detected,0,17.2
517,No risks detected,0,17.233333333333334
518,No risks detected,0,17.266666666666666
519,No risks detected,0,17.3
520,No risks detected,0,17.333333333333332
521,No risks detected,0,17.366666666666667
522,No risks detected,0,17.4
523,No risks detected,0,17.433333333333334
524,No risks detected,0,17.466666666666665
525,No risks detected,0,17.5
526,No risks detected,0,17.533333333333335
527,No risks detected,0,17.566666666666666
528,No risks detected,0,17.6
529,No risks detected,0,17.633333333333333
530,No risks detected,0,17.666666666666668
531,No risks detected,0,17.7
532,No risks detected,0,17.733333333333334
533,No risks detected,0,17.766666666666666
534,No risks detected,0,17.8
535,No risks detected,0,17.833333333333332
563,No risks detected,0,18.766666666666666
564,No risks detected,0,18.8
565,No risks detected,0,18.833333333333332
566,No risks detected,0,18.866666666666667
567,No risks detected,0,18.9
568,No risks detected,0,18.933333333333334
569,No risks detected,0,18.966666666666665
570,No risks detected,0,19.0
571,No risks detected,0,19.033333333333335
572,No risks detected,0,19.066666666666666
573,No risks detected,0,19.1
574,No risks detected,0,19.133333333333333
575,No risks detected,0,19.166666666666668
576,No risks detected,0,19.2
577,No risks detected,0,19.233333333333334
578,No risks detected,0,19.266666666666666
579,No risks detected,0,19.3
580,No risks detected,0,19.333333333333332
581,No risks detected,0,19.366666666666667
582,No risks detected,0,19.4
583,No risks detected,0,19.433333333333334
584,No risks detected,0,19.466666666666665
585,No risks detected,0,19.5
586,No risks detected,0,19.533333333333335
587,No risks detected,0,19.566666666666666
588,No risks detected,0,19.6
589,No risks detected,0,19.633333333333333
590,No risks detected,0,19.666666666666668
591,No risks detected,0,19.7
592,No risks detected,0,19.733333333333334
593,No risks detected,0,19.766666666666666
594,No risks detected,0,19.8
595,No risks detected,0,19.833333333333332
596,No risks detected,0,19.866666666666667
597,No risks detected,0,19.9
598,No risks detected,0,19.933333333333334
599,No risks detected,0,19.966666666666665
600,No risks detected,0,20.0
601,No risks detected,0,20.033333333333335
602,No risks detected,0,20.066666666666666
603,No risks detected,0,20.1
604,No risks detected,0,20.133333333333333
605,No risks detected,0,20.166666666666668
606,No risks detected,0,20.2
607,No risks detected,0,20.233333333333334
608,No risks detected,0,20.266666666666666
609,No risks detected,0,20.3
610,No risks detected,0,20.333333333333332
611,No risks detected,0,20.366666666666667
612,No risks detected,0,20.4
613,No risks detected,0,20.433333333333334
614,No risks detected,0,20.466666666666665
615,No risks detected,0,20.5
616,No risks detected,0,20.533333333333335
617,No risks detected,0,20.566666666666666
618,No risks detected,0,20.6
619,No risks detected,0,20.633333333333333
620,No risks detected,0,20.666666666666668
621,No risks detected,0,20.7
622,No risks detected,0,20.733333333333334
623,No risks detected,0,20.766666666666666
624,No risks detected,0,20.8
625,No risks detected,0,20.833333333333332
626,No risks detected,0,20.866666666666667
627,No risks detected,0,20.9
628,No risks detected,0,20.933333333333334
629,No risks detected,0,20.966666666666665
630,No risks detected,0,21.0
631,No risks detected,0,21.033333333333335
632,No risks detected,0,21.066666666666666
633,No risks detected,0,21.1
634,No risks detected,0,21.133333333333333
635,No risks detected,0,21.166666666666668
636,No risks detected,0,21.2
637,No risks detected,0,21.233333333333334
638,No risks detected,0,21.266666666666666
639,No risks detected,0,21.3
640,No risks detected,0,21.333333333333332
641,No risks detected,0,21.366666666666667
642,No risks detected,0,21.4
643,No risks detected,0,21.433333333333334
644,No risks detected,0,21.466666666666665
645,No risks detected,0,21.5
646,No risks detected,0,21.533333333333335
647,No risks detected,0,21.566666666666666
648,No risks detected,0,21.6
649,No risks detected,0,21.633333333333333
650,No risks detected,0,21.666666666666668
651,No risks detected,0,21.7
652,No risks detected,0,21.733333333333334
653,No risks detected,0,21.766666666666666
654,No risks detected,0,21.8
655,No risks detected,0,21.833333333333332
656,No risks detected,0,21.866666666666667
657,No risks detected,0,21.9
658,No risks detected,0,21.933333333333334
659,No risks detected,0,21.966666666666665
660,No risks detected,0,22.0
661,No risks detected,0,22.033333333333335
662,No risks detected,0,22.066666666666666
663,No risks detected,0,22.1
664,No risks detected,0,22.133333333333333
665,No risks detected,0,22.166666666666668
666,No risks detected,0,22.2
667,No risks detected,0,22.233333333333334
668,No risks detected,0,22.266666666666666
669,No risks detected,0,22.3
670,No risks detected,0,22.333333333333332
671,No risks detected,0,22.366666666666667
672,No risks detected,0,22.4
673,No risks detected,0,22.433333333333334
674,No risks detected,0,22.466666666666665
675,No risks detected,0,22.5
676,No risks detected,0,22.533333333333335
677,No risks detected,0,22.566666666666666
678,No risks detected,0,22.6
679,No risks detected,0,22.633333333333333
680,No risks detected,0,22.666666666666668
681,No risks detected,0,22.7
682,No risks detected,0,22.733333333333334
683,No risks detected,0,22.766666666666666
684,No risks detected,0,22.8
685,No risks detected,0,22.833333333333332
686,No risks detected,0,22.866666666666667
687,No risks detected,0,22.9
688,No risks detected,0,22.933333333333334
689,No risks detected,0,22.966666666666665
690,No risks detected,0,23.0
691,No risks detected,0,23.033333333333335
692,No risks detected,0,23.066666666666666
693,No risks detected,0,23.1
694,No risks detected,0,23.133333333333333
695,No risks detected,0,23.166666666666668
696,No risks detected,0,23.2
697,No risks detected,0,23.233333333333334
698,No risks detected,0,23.266666666666666
699,No risks detected,0,23.3
700,No risks detected,0,23.333333333333332
701,No risks detected,0,23.366666666666667
702,No risks detected,0,23.4
703,No risks detected,0,23.433333333333334
704,No risks detected,0,23.466666666666665
705,No risks detected,0,23.5
706,No risks detected,0,23.533333333333335
707,No risks detected,0,23.566666666666666
708,No risks detected,0,23.6
709,No risks detected,0,23.633333333333333
710,No risks detected,0,23.666666666666668
711,No risks detected,0,23.7
712,No risks detected,0,23.733333333333334
713,No risks detected,0,23.766666666666666
714,No risks detected,0,23.8
715,No risks detected,0,23.833333333333332
716,No risks detected,0,23.866666666666667
717,No risks detected,0,23.9
718,No risks detected,0,23.933333333333334
719,No risks detected,0,23.966666666666665
720,No risks detected,0,24.0
721,No risks detected,0,24.033333333333335
722,No risks detected,0,24.066666666666666
723,No risks detected,0,24.1
724,No risks detected,0,24.133333333333333
725,No risks detected,0,24.166666666666668
726,No risks detected,0,24.2
727,No risks detected,0,24.233333333333334
728,No risks detected,0,24.266666666666666
729,No risks detected,0,24.3
730,No risks detected,0,24.333333333333332
731,No risks detected,0,24.366666666666667
732,No risks detected,0,24.4
733,No risks detected,0,24.433333333333334
734,No risks detected,0,24.466666666666665
735,No risks detected,0,24.5
736,No risks detected,0,24.533333333333335
737,No risks detected,0,24.566666666666666
738,No risks detected,0,24.6
739,No risks detected,0,24.633333333333333
740,No risks detected,0,24.666666666666668
741,No risks detected,0,24.7
742,No risks detected,0,24.733333333333334
743,No risks detected,0,24.766666666666666
744,No risks detected,0,24.8
745,No risks detected,0,24.833333333333332
746,No risks detected,0,24.866666666666667
747,No risks detected,0,24.9
748,No risks detected,0,24.933333333333334
749,No risks detected,0,24.966666666666665
750,No risks detected,0,25.0
751,No risks detected,0,25.033333333333335
752,No risks detected,0,25.066666666666666
753,No risks detected,0,25.1
754,No risks detected,0,25.133333333333333
755,No risks detected,0,25.166666666666668
756,No risks detected,0,25.2
757,No risks detected,0,25.233333333333334
758,No risks detected,0,25.266666666666666
759,No risks detected,0,25.3
760,No risks detected,0,25.333333333333332
761,No risks detected,0,25.366666666666667
762,No risks detected,0,25.4
763,No risks detected,0,25.433333333333334
764,No risks detected,0,25.466666666666665
765,No risks detected,0,25.5
766,No risks detected,0,25.533333333333335
767,No risks detected,0,25.566666666666666
768,No risks detected,0,25.6
769,No risks detected,0,25.633333333333333
770,No risks detected,0,25.666666666666668
771,No risks detected,0,25.7
772,No risks detected,0,25.733333333333334
773,No risks detected,0,25.766666666666666
774,No risks detected,0,25.8
775,No risks detected,0,25.833333333333332
776,No risks detected,0,25.866666666666667
777,No risks detected,0,25.9
778,No risks detected,0,25.933333333333334
779,No risks detected,0,25.966666666666665
780,No risks detected,0,26.0
781,No risks detected,0,26.033333333333335
782,No risks detected,0,26.066666666666666
783,No risks detected,0,26.1
784,No risks detected,0,26.133333333333333
785,No risks detected,0,26.166666666666668
786,No risks detected,0,26.2
787,No risks detected,0,26.233333333333334
788,No risks detected,0,26.266666666666666
789,No risks detected,0,26.3
790,No risks detected,0,26.333333333333332
791,No risks detected,0,26.366666666666667
792,No risks detected,0,26.4
793,No risks detected,0,26.433333333333334
794,No risks detected,0,26.466666666666665
795,No risks detected,0,26.5
796,No risks detected,0,26.533333333333335
797,No risks detected,0,26.566666666666666
798,No risks detected,0,26.6
799,No risks detected,0,26.633333333333333
800,No risks detected,0,26.666666666666668
801,No risks detected,0,26.7
802,No risks detected,0,26.733333333333334
803,No risks detected,0,26.766666666666666
804,No risks detected,0,26.8
805,No risks detected,0,26.833333333333332
806,No risks detected,0,26.866666666666667
807,No risks detected,0,26.9
808,No risks detected,0,26.933333333333334
809,No risks detected,0,26.966666666666665
810,No risks detected,0,27.0
811,No risks detected,0,27.033333333333335
812,No risks detected,0,27.066666666666666
813,No risks detected,0,27.1
814,No risks detected,0,27.133333333333333
815,No risks detected,0,27.166666666666668
816,No risks detected,0,27.2
817,No risks detected,0,27.233333333333334
818,No risks detected,0,27.266666666666666
819,No risks detected,0,27.3
820,No risks detected,0,27.333333333333332
821,No risks detected,0,27.366666666666667
822,No risks detected,0,27.4
823,No risks detected,0,27.433333333333334
824,No risks detected,0,27.466666666666665
825,No risks detected,0,27.5
826,No risks detected,0,27.533333333333335
827,No risks detected,0,27.566666666666666
828,No risks detected,0,27.6
829,No risks detected,0,27.633333333333333
830,No risks detected,0,27.666666666666668
831,No risks detected,0,27.7
832,No risks detected,0,27.733333333333334
833,No risks detected,0,27.766666666666666
834,No risks detected,0,27.8
835,No risks detected,0,27.833333333333332
836,No risks detected,0,27.866666666666667
837,No risks detected,0,27.9
838,No risks detected,0,27.933333333333334
839,No risks detected,0,27.966666666666665
840,No risks detected,0,28.0
841,No risks detected,0,28.033333333333335
842,No risks detected,0,28.066666666666666
843,No risks detected,0,28.1
844,No risks detected,0,28.133333333333333
845,No risks detected,0,28.166666666666668
846,No risks detected,0,28.2
847,No risks detected,0,28.233333333333334
848,No risks detected,0,28.266666666666666
849,No risks detected,0,28.3
850,No risks detected,0,28.333333333333332
851,No risks detected,0,28.366666666666667
852,No risks detected,0,28.4
853,No risks detected,0,28.433333333333334
854,No risks detected,0,28.466666666666665
855,No risks detected,0,28.5
856,No risks detected,0,28.533333333333335
857,No risks detected,0,28.566666666666666
858,No risks detected,0,28.6
859,No risks detected,0,28.633333333333333
860,No risks detected,0,28.666666666666668
861,No risks detected,0,28.7
862,No risks detected,0,28.733333333333334
863,No risks detected,0,28.766666666666666
864,No risks detected,0,28.8
865,No risks detected,0,28.833333333333332
866,No risks detected,0,28.866666666666667
867,No risks detected,0,28.9
868,No risks detected,0,28.933333333333334
869,No risks detected,0,28.966666666666665
870,No risks detected,0,29.0
871,No risks detected,0,29.033333333333335
872,No risks detected,0,29.066666666666666
873,No risks detected,0,29.1
874,No risks detected,0,29.133333333333333
875,No risks detected,0,29.166666666666668
876,No risks detected,0,29.2
877,No risks detected,0,29.233333333333334
878,No risks detected,0,29.266666666666666
879,No risks detected,0,29.3
880,No risks detected,0,29.333333333333332
881,No risks detected,0,29.366666666666667
882,No risks detected,0,29.4
883,No risks detected,0,29.433333333333334
884,No risks detected,0,29.466666666666665
885,No risks detected,0,29.5
886,No risks detected,0,29.533333333333335
887,No risks detected,0,29.566666666666666
888,No risks detected,0,29.6
889,No risks detected,0,29.633333333333333
890,No risks detected,0,29.666666666666668
891,No risks detected,0,29.7
892,No risks detected,0,29.733333333333334
893,No risks detected,0,29.766666666666666
894,No risks detected,0,29.8
895,No risks detected,0,29.833333333333332
896,No risks detected,0,29.866666666666667
897,No risks detected,0,29.9
898,No risks detected,0,29.933333333333334
899,No risks detected,0,29.966666666666665
900,No risks detected,0,30.0
901,No risks detected,0,30.033333333333335
902,No risks detected,0,30.066666666666666
903,No risks detected,0,30.1
904,No risks detected,0,30.133333333333333
905,No risks detected,0,30.166666666666668
906,No risks detected,0,30.2
907,No risks detected,0,30.233333333333334
908,No risks detected,0,30.266666666666666
909,No risks detected,0,30.3
910,No risks detected,0,30.333333333333332
911,No risks detected,0,30.366666666666667
912,No risks detected,0,30.4
913,No risks detected,0,30.433333333333334
914,No risks detected,0,30.466666666666665
915,No risks detected,0,30.5
916,No risks detected,0,30.533333333333335
917,No risks detected,0,30.566666666666666
918,No risks detected,0,30.6
919,No risks detected,0,30.633333333333333
920,No risks detected,0,30.666666666666668
921,No risks detected,0,30.7
922,No risks detected,0,30.733333333333334
923,No risks detected,0,30.766666666666666
924,No risks detected,0,30.8
925,No risks detected,0,30.833333333333332
926,No risks detected,0,30.866666666666667
927,No risks detected,0,30.9
928,No risks detected,0,30.933333333333334
929,No risks detected,0,30.966666666666665
930,No risks detected,0,31.0
931,No risks detected,0,31.033333333333335
932,No risks detected,0,31.066666666666666
933,No risks detected,0,31.1
934,No risks detected,0,31.133333333333333
935,No risks detected,0,31.166666666666668
936,No risks detected,0,31.2
937,No risks detected,0,31.233333333333334
938,No risks detected,0,31.266666666666666
939,No risks detected,0,31.3
940,No risks detected,0,31.333333333333332
941,No risks detected,0,31.366666666666667
942,No risks detected,0,31.4
943,No risks detected,0,31.433333333333334
944,No risks detected,0,31.466666666666665
945,No risks detected,0,31.5
946,No risks detected,0,31.533333333333335
947,No risks detected,0,31.566666666666666
948,No risks detected,0,31.6
949,No risks detected,0,31.633333333333333
950,No risks detected,0,31.666666666666668
951,No risks detected,0,31.7
952,No risks detected,0,31.733333333333334
953,No risks detected,0,31.766666666666666
954,No risks detected,0,31.8
955,No risks detected,0,31.833333333333332
956,No risks detected,0,31.866666666666667
957,No risks detected,0,31.9
958,No risks detected,0,31.933333333333334
959,No risks detected,0,31.966666666666665
960,No risks detected,0,32.0
961,No risks detected,0,32.03333333333333
962,No risks detected,0,32.06666666666667
963,No risks detected,0,32.1
964,No risks detected,0,32.13333333333333
965,No risks detected,0,32.166666666666664
966,No risks detected,0,32.2
967,No risks detected,0,32.233333333333334
968,No risks detected,0,32.266666666666666
969,No risks detected,0,32.3
970,No risks detected,0,32.333333333333336
971,No risks detected,0,32.36666666666667
972,No risks detected,0,32.4
973,No risks detected,0,32.43333333333333
974,No risks detected,0,32.46666666666667
975,No risks detected,0,32.5
976,No risks detected,0,32.53333333333333
977,No risks detected,0,32.56666666666667
978,No risks detected,0,32.6
979,No risks detected,0,32.63333333333333
980,No risks detected,0,32.666666666666664
981,No risks detected,0,32.7
982,No risks detected,0,32.733333333333334
983,No risks detected,0,32.766666666666666
984,No risks detected,0,32.8
985,No risks detected,0,32.833333333333336
986,No risks detected,0,32.86666666666667
987,No risks detected,0,32.9
988,No risks detected,0,32.93333333333333
989,No risks detected,0,32.96666666666667
990,No risks detected,0,33.0
991,No risks detected,0,33.03333333333333
992,No risks detected,0,33.06666666666667
993,No risks detected,0,33.1
994,No risks detected,0,33.13333333333333
995,No risks detected,0,33.166666666666664
996,No risks detected,0,33.2
997,No risks detected,0,33.233333333333334
998,No risks detected,0,33.266666666666666
999,No risks detected,0,33.3
1000,No risks detected,0,33.333333333333336
1001,No risks detected,0,33.36666666666667
1002,No risks detected,0,33.4
1003,No risks detected,0,33.43333333333333
1004,No risks detected,0,33.46666666666667
1005,No risks detected,0,33.5
1006,No risks detected,0,33.53333333333333
1007,No risks detected,0,33.56666666666667
1008,No risks detected,0,33.6
1009,No risks detected,0,33.63333333333333
1010,No risks detected,0,33.666666666666664
1011,No risks detected,0,33.7
1012,No risks detected,0,33.733333333333334
1013,No risks detected,0,33.766666666666666
1014,No risks detected,0,33.8
1015,No risks detected,0,33.833333333333336
1016,No risks detected,0,33.86666666666667
1017,No risks detected,0,33.9
1018,No risks detected,0,33.93333333333333
1019,No risks detected,0,33.96666666666667
1020,No risks detected,0,34.0
1021,No risks detected,0,34.03333333333333
1022,No risks detected,0,34.06666666666667
1023,No risks detected,0,34.1
1024,No risks detected,0,34.13333333333333
1025,No risks detected,0,34.166666666666664
1026,No risks detected,0,34.2
1027,No risks detected,0,34.233333333333334
1028,No risks detected,0,34.266666666666666
1029,No risks detected,0,34.3
1030,No risks detected,0,34.333333333333336
1031,No risks detected,0,34.36666666666667
1032,No risks detected,0,34.4
1033,No risks detected,0,34.43333333333333
1034,No risks detected,0,34.46666666666667
1035,No risks detected,0,34.5
1036,No risks detected,0,34.53333333333333
1037,No risks detected,0,34.56666666666667
1038,No risks detected,0,34.6
1039,No risks detected,0,34.63333333333333
1040,No risks detected,0,34.666666666666664
1041,No risks detected,0,34.7
1042,No risks detected,0,34.733333333333334
1043,No risks detected,0,34.766666666666666
1044,No risks detected,0,34.8
1045,No risks detected,0,34.833333333333336
1046,No risks detected,0,34.86666666666667
1047,No risks detected,0,34.9
1048,No risks detected,0,34.93333333333333
1049,No risks detected,0,34.96666666666667
1050,No risks detected,0,35.0
1051,No risks detected,0,35.03333333333333
1052,No risks detected,0,35.06666666666667
1053,No risks detected,0,35.1
1054,No risks detected,0,35.13333333333333
1055,No risks detected,0,35.166666666666664
1056,No risks detected,0,35.2
1057,No risks detected,0,35.233333333333334
1058,No risks detected,0,35.266666666666666
1059,No risks detected,0,35.3
1060,No risks detected,0,35.333333333333336
1061,No risks detected,0,35.36666666666667
1062,No risks detected,0,35.4
1063,No risks detected,0,35.43333333333333
1064,No risks detected,0,35.46666666666667
1065,No risks detected,0,35.5
1066,No risks detected,0,35.53333333333333
1067,No risks detected,0,35.56666666666667
1068,No risks detected,0,35.6
1069,No risks detected,0,35.63333333333333
1070,No risks detected,0,35.666666666666664
1071,No risks detected,0,35.7
1072,No risks detected,0,35.733333333333334
1073,No risks detected,0,35.766666666666666
1074,No risks detected,0,35.8
1075,No risks detected,0,35.833333333333336
1076,No risks detected,0,35.86666666666667
1077,No risks detected,0,35.9
1078,No risks detected,0,35.93333333333333
1079,No risks detected,0,35.96666666666667
1080,No risks detected,0,36.0
1081,No risks detected,0,36.03333333333333
1082,No risks detected,0,36.06666666666667
1083,No risks detected,0,36.1
1084,No risks detected,0,36.13333333333333
1085,No risks detected,0,36.166666666666664
1086,No risks detected,0,36.2
1087,No risks detected,0,36.233333333333334
1088,No risks detected,0,36.266666666666666
1089,No risks detected,0,36.3
1090,No risks detected,0,36.333333333333336
1091,No risks detected,0,36.36666666666667
1092,No risks detected,0,36.4
1093,No risks detected,0,36.43333333333333
1094,No risks detected,0,36.46666666666667
1095,No risks detected,0,36.5
1096,No risks detected,0,36.53333333333333
1097,No risks detected,0,36.56666666666667
1098,No risks detected,0,36.6
1099,No risks detected,0,36.63333333333333
1100,No risks detected,0,36.666666666666664
1101,No risks detected,0,36.7
1102,No risks detected,0,36.733333333333334
1103,No risks detected,0,36.766666666666666
1104,No risks detected,0,36.8
1105,No risks detected,0,36.833333333333336
1106,No risks detected,0,36.86666666666667
1107,No risks detected,0,36.9
1108,No risks detected,0,36.93333333333333
1109,No risks detected,0,36.96666666666667
1110,No risks detected,0,37.0
1111,No risks detected,0,37.03333333333333
1112,No risks detected,0,37.06666666666667
1113,No risks detected,0,37.1
1114,No risks detected,0,37.13333333333333
1115,No risks detected,0,37.166666666666664
1116,No risks detected,0,37.2
1117,No risks detected,0,37.233333333333334
1118,No risks detected,0,37.266666666666666
1119,No risks detected,0,37.3
1120,No risks detected,0,37.333333333333336
1121,No risks detected,0,37.36666666666667
1122,No risks detected,0,37.4
1123,No risks detected,0,37.43333333333333
1124,No risks detected,0,37.46666666666667
1125,No risks detected,0,37.5
1126,No risks detected,0,37.53333333333333
1127,No risks detected,0,37.56666666666667
1128,No risks detected,0,37.6
1129,No risks detected,0,37.63333333333333
1130,No risks detected,0,37.666666666666664
1131,No risks detected,0,37.7
1132,No risks detected,0,37.733333333333334
1133,No risks detected,0,37.766666666666666
1134,No risks detected,0,37.8
1135,No risks detected,0,37.833333333333336
1136,No risks detected,0,37.86666666666667
1137,No risks detected,0,37.9
1138,No risks detected,0,37.93333333333333
1139,No risks detected,0,37.96666666666667
1140,No risks detected,0,38.0
1141,No risks detected,0,38.03333333333333
1142,No risks detected,0,38.06666666666667
1143,No risks detected,0,38.1
1144,No risks detected,0,38.13333333333333
1145,No risks detected,0,38.166666666666664
1146,No risks detected,0,38.2
1147,No risks detected,0,38.233333333333334
1148,No risks detected,0,38.266666666666666
1149,No risks detected,0,38.3
1150,No risks detected,0,38.333333333333336
1151,No risks detected,0,38.36666666666667
1152,No risks detected,0,38.4
1153,No risks detected,0,38.43333333333333
1154,No risks detected,0,38.46666666666667
1155,No risks detected,0,38.5
1156,No risks detected,0,38.53333333333333
1157,No risks detected,0,38.56666666666667
1158,No risks detected,0,38.6
1159,No risks detected,0,38.63333333333333
1160,No risks detected,0,38.666666666666664
1161,No risks detected,0,38.7
1162,No risks detected,0,38.733333333333334
1163,No risks detected,0,38.766666666666666
1164,No risks detected,0,38.8
1165,No risks detected,0,38.833333333333336
1166,No risks detected,0,38.86666666666667
1167,No risks detected,0,38.9
1168,No risks detected,0,38.93333333333333
1169,No risks detected,0,38.96666666666667
1170,No risks detected,0,39.0
1171,No risks detected,0,39.03333333333333
1172,No risks detected,0,39.06666666666667
1173,No risks detected,0,39.1
1174,No risks detected,0,39.13333333333333
1175,No risks detected,0,39.166666666666664
1176,No risks detected,0,39.2
1177,No risks detected,0,39.233333333333334
1178,No risks detected,0,39.266666666666666
1179,No risks detected,0,39.3
1180,No risks detected,0,39.333333333333336
1181,No risks detected,0,39.36666666666667
1182,No risks detected,0,39.4
1183,No risks detected,0,39.43333333333333
1184,No risks detected,0,39.46666666666667
1185,No risks detected,0,39.5
1186,No risks detected,0,39.53333333333333
1187,No risks detected,0,39.56666666666667
1188,No risks detected,0,39.6
1189,No risks detected,0,39.63333333333333
1190,No risks detected,0,39.666666666666664
1191,No risks detected,0,39.7
1192,No risks detected,0,39.733333333333334
1193,No risks detected,0,39.766666666666666
1194,No risks detected,0,39.8
1195,No risks detected,0,39.833333333333336
1196,No risks detected,0,39.86666666666667
1197,No risks detected,0,39.9
1198,No risks detected,0,39.93333333333333
1199,No risks detected,0,39.96666666666667
1200,No risks detected,0,40.0
1201,No risks detected,0,40.03333333333333
1202,No risks detected,0,40.06666666666667
1203,No risks detected,0,40.1
1204,No risks detected,0,40.13333333333333
1205,No risks detected,0,40.166666666666664
1206,No risks detected,0,40.2
1207,No risks detected,0,40.233333333333334
1208,No risks detected,0,40.266666666666666
1209,No risks detected,0,40.3
1210,No risks detected,0,40.333333333333336
1211,No risks detected,0,40.36666666666667
1212,No risks detected,0,40.4
1213,No risks detected,0,40.43333333333333
1214,No risks detected,0,40.46666666666667
1215,No risks detected,0,40.5
1216,No risks detected,0,40.53333333333333
1217,No risks detected,0,40.56666666666667
1218,No risks detected,0,40.6
1219,No risks detected,0,40.63333333333333
1220,No risks detected,0,40.666666666666664
1221,No risks detected,0,40.7
1222,No risks detected,0,40.733333333333334
1223,No risks detected,0,40.766666666666666
1224,No risks detected,0,40.8
1225,No risks detected,0,40.833333333333336
1226,No risks detected,0,40.86666666666667
1227,No risks detected,0,40.9
1228,No risks detected,0,40.93333333333333
1229,No risks detected,0,40.96666666666667
1230,No risks detected,0,41.0
1231,No risks detected,0,41.03333333333333
1232,No risks detected,0,41.06666666666667
1233,No risks detected,0,41.1
1234,No risks detected,0,41.13333333333333
1235,No risks detected,0,41.166666666666664
1236,No risks detected,0,41.2
1237,No risks detected,0,41.233333333333334
1238,No risks detected,0,41.266666666666666
1239,No risks detected,0,41.3
1240,No risks detected,0,41.333333333333336
1241,No risks detected,0,41.36666666666667
1242,No risks detected,0,41.4
1243,No risks detected,0,41.43333333333333
1244,No risks detected,0,41.46666666666667
1245,No risks detected,0,41.5
1246,No risks detected,0,41.53333333333333
1247,No risks detected,0,41.56666666666667
1248,No risks detected,0,41.6
1249,No risks detected,0,41.63333333333333
1250,No risks detected,0,41.666666666666664
1251,No risks detected,0,41.7
1252,No risks detected,0,41.733333333333334
1253,No risks detected,0,41.766666666666666
1254,No risks detected,0,41.8
1255,No risks detected,0,41.833333333333336
1256,No risks detected,0,41.86666666666667
1257,No risks detected,0,41.9
1258,No risks detected,0,41.93333333333333
1259,No risks detected,0,41.96666666666667
1260,No risks detected,0,42.0
1261,No risks detected,0,42.03333333333333
1262,No risks detected,0,42.06666666666667
1263,No risks detected,0,42.1
1264,No risks detected,0,42.13333333333333
1265,No risks detected,0,42.166666666666664
1266,No risks detected,0,42.2
1267,No risks detected,0,42.233333333333334
1268,No risks detected,0,42.266666666666666
1269,No risks detected,0,42.3
1270,No risks detected,0,42.333333333333336
1271,No risks detected,0,42.36666666666667
1272,No risks detected,0,42.4
1273,No risks detected,0,42.43333333333333
1274,No risks detected,0,42.46666666666667
1275,No risks detected,0,42.5
1276,No risks detected,0,42.53333333333333
1277,No risks detected,0,42.56666666666667
1278,No risks detected,0,42.6
1279,No risks detected,0,42.63333333333333
1280,No risks detected,0,42.666666666666664
1281,No risks detected,0,42.7
1282,No risks detected,0,42.733333333333334
1283,No risks detected,0,42.766666666666666
1284,No risks detected,0,42.8
1285,No risks detected,0,42.833333333333336
1286,No risks detected,0,42.86666666666667
1287,No risks detected,0,42.9
1288,No risks detected,0,42.93333333333333
1289,No risks detected,0,42.96666666666667
1290,No risks detected,0,43.0
1291,No risks detected,0,43.03333333333333
1292,No risks detected,0,43.06666666666667
1293,No risks detected,0,43.1
1294,No risks detected,0,43.13333333333333
1295,No risks detected,0,43.166666666666664
1296,No risks detected,0,43.2
1297,No risks detected,0,43.233333333333334
1298,No risks detected,0,43.266666666666666
1299,No risks detected,0,43.3
1300,No risks detected,0,43.333333333333336
1301,No risks detected,0,43.36666666666667
1302,No risks detected,0,43.4
1303,No risks detected,0,43.43333333333333
1304,No risks detected,0,43.46666666666667
1305,No risks detected,0,43.5
1306,No risks detected,0,43.53333333333333
1307,No risks detected,0,43.56666666666667
1308,No risks detected,0,43.6
1309,No risks detected,0,43.63333333333333
1310,No risks detected,0,43.666666666666664
1311,No risks detected,0,43.7
1312,No risks detected,0,43.733333333333334
1313,No risks detected,0,43.766666666666666
1314,No risks detected,0,43.8
1315,No risks detected,0,43.833333333333336
1316,No risks detected,0,43.86666666666667
1317,No risks detected,0,43.9
1318,No risks detected,0,43.93333333333333
1319,No risks detected,0,43.96666666666667
1320,No risks detected,0,44.0
1321,No risks detected,0,44.03333333333333
1322,No risks detected,0,44.06666666666667
1323,No risks detected,0,44.1
1324,No risks detected,0,44.13333333333333
1325,No risks detected,0,44.166666666666664
1326,No risks detected,0,44.2
1327,No risks detected,0,44.233333333333334
1328,No risks detected,0,44.266666666666666
1329,No risks detected,0,44.3
1330,No risks detected,0,44.333333333333336
1331,No risks detected,0,44.36666666666667
1332,No risks detected,0,44.4
1333,No risks detected,0,44.43333333333333
1334,No risks detected,0,44.46666666666667
1335,No risks detected,0,44.5
1336,No risks detected,0,44.53333333333333
1337,No risks detected,0,44.56666666666667
1338,No risks detected,0,44.6
1339,No risks detected,0,44.63333333333333
1340,No risks detected,0,44.666666666666664
1341,No risks detected,0,44.7
1342,No risks detected,0,44.733333333333334
1343,No risks detected,0,44.766666666666666
1344,No risks detected,0,44.8
1345,No risks detected,0,44.833333333333336
1346,No risks detected,0,44.86666666666667
1347,No risks detected,0,44.9
1348,No risks detected,0,44.93333333333333
1349,No risks detected,0,44.96666666666667
1350,No risks detected,0,45.0
1351,No risks detected,0,45.03333333333333
1352,No risks detected,0,45.06666666666667
1353,No risks detected,0,45.1
1354,No risks detected,0,45.13333333333333
1355,No risks detected,0,45.166666666666664
1356,No risks detected,0,45.2
1357,No risks detected,0,45.233333333333334
1358,No risks detected,0,45.266666666666666
1359,No risks detected,0,45.3
1360,No risks detected,0,45.333333333333336
1361,No risks detected,0,45.36666666666667
1362,No risks detected,0,45.4
1363,No risks detected,0,45.43333333333333
1364,No risks detected,0,45.46666666666667
1365,No risks detected,0,45.5
1366,No risks detected,0,45.53333333333333
1367,No risks detected,0,45.56666666666667
1368,No risks detected,0,45.6
1369,No risks detected,0,45.63333333333333
1370,No risks detected,0,45.666666666666664
1371,No risks detected,0,45.7
1372,No risks detected,0,45.733333333333334
1373,No risks detected,0,45.766666666666666
1374,No risks detected,0,45.8
1375,No risks detected,0,45.833333333333336
1376,No risks detected,0,45.86666666666667
1377,No risks detected,0,45.9
1378,No risks detected,0,45.93333333333333
1379,No risks detected,0,45.96666666666667
1380,No risks detected,0,46.0
1381,No risks detected,0,46.03333333333333
1382,No risks detected,0,46.06666666666667
1383,No risks detected,0,46.1
1384,No risks detected,0,46.13333333333333
1385,No risks detected,0,46.166666666666664
1386,No risks detected,0,46.2
1387,No risks detected,0,46.233333333333334
1388,No risks detected,0,46.266666666666666
1389,No risks detected,0,46.3
1390,No risks detected,0,46.333333333333336
1391,No risks detected,0,46.36666666666667
1392,No risks detected,0,46.4
1393,No risks detected,0,46.43333333333333
1394,No risks detected,0,46.46666666666667
1395,No risks detected,0,46.5
1396,No risks detected,0,46.53333333333333
1397,No risks detected,0,46.56666666666667
1398,No risks detected,0,46.6
1399,No risks detected,0,46.63333333333333
1400,No risks detected,0,46.666666666666664
1401,No risks detected,0,46.7
1402,No risks detected,0,46.733333333333334
1403,No risks detected,0,46.766666666666666
1404,No risks detected,0,46.8
1405,No risks detected,0,46.833333333333336
1406,No risks detected,0,46.86666666666667
1407,No risks detected,0,46.9
1408,No risks detected,0,46.93333333333333
1409,No risks detected,0,46.96666666666667
1410,No risks detected,0,47.0
1411,No risks detected,0,47.03333333333333
1412,No risks detected,0,47.06666666666667
1413,No risks detected,0,47.1
1414,No risks detected,0,47.13333333333333
1415,No risks detected,0,47.166666666666664
1416,No risks detected,0,47.2
1417,No risks detected,0,47.233333333333334
1418,No risks detected,0,47.266666666666666
1419,No risks detected,0,47.3
1420,No risks detected,0,47.333333333333336
1421,No risks detected,0,47.36666666666667
1422,No risks detected,0,47.4
1423,No risks detected,0,47.43333333333333
1424,No risks detected,0,47.46666666666667
1425,No risks detected,0,47.5
1426,No risks detected,0,47.53333333333333
1427,No risks detected,0,47.56666666666667
1428,No risks detected,0,47.6
1429,No risks detected,0,47.63333333333333
1430,No risks detected,0,47.666666666666664
1431,No risks detected,0,47.7
1432,No risks detected,0,47.733333333333334
1433,No risks detected,0,47.766666666666666
1434,No risks detected,0,47.8
1435,No risks detected,0,47.833333333333336
1436,No risks detected,0,47.86666666666667
1437,No risks detected,0,47.9
1438,No risks detected,0,47.93333333333333
1439,No risks detected,0,47.96666666666667
1440,No risks detected,0,48.0
1441,No risks detected,0,48.03333333333333
1442,No risks detected,0,48.06666666666667
1443,No risks detected,0,48.1
1444,No risks detected,0,48.13333333333333
1445,No risks detected,0,48.166666666666664
1446,No risks detected,0,48.2
1447,No risks detected,0,48.233333333333334
1448,No risks detected,0,48.266666666666666
1449,No risks detected,0,48.3
1450,No risks detected,0,48.333333333333336
1451,No risks detected,0,48.36666666666667
1452,No risks detected,0,48.4
1453,No risks detected,0,48.43333333333333
1454,No risks detected,0,48.46666666666667
1455,No risks detected,0,48.5
1456,No risks detected,0,48.53333333333333
1457,No risks detected,0,48.56666666666667
1458,No risks detected,0,48.6
1459,No risks detected,0,48.63333333333333
1460,No risks detected,0,48.666666666666664
1461,No risks detected,0,48.7
1462,No risks detected,0,48.733333333333334
1463,No risks detected,0,48.766666666666666
1464,No risks detected,0,48.8
1465,No risks detected,0,48.833333333333336
1466,No risks detected,0,48.86666666666667
1467,No risks detected,0,48.9
1468,No risks detected,0,48.93333333333333
1469,No risks detected,0,48.96666666666667
1470,No risks detected,0,49.0
1471,No risks detected,0,49.03333333333333
1472,No risks detected,0,49.06666666666667
1473,No risks detected,0,49.1
1474,No risks detected,0,49.13333333333333
1475,No risks detected,0,49.166666666666664
1476,No risks detected,0,49.2
1477,No risks detected,0,49.233333333333334
1478,No risks detected,0,49.266666666666666
1479,No risks detected,0,49.3
1480,No risks detected,0,49.333333333333336
1481,No risks detected,0,49.36666666666667
1482,No risks detected,0,49.4
1483,No risks detected,0,49.43333333333333
1484,No risks detected,0,49.46666666666667
1485,No risks detected,0,49.5
1486,No risks detected,0,49.53333333333333
1487,No risks detected,0,49.56666666666667
1488,No risks detected,0,49.6
1489,No risks detected,0,49.63333333333333
1490,No risks detected,0,49.666666666666664
1491,No risks detected,0,49.7
1492,No risks detected,0,49.733333333333334
1493,No risks detected,0,49.766666666666666
1494,No risks detected,0,49.8
1495,No risks detected,0,49.833333333333336
1496,No risks detected,0,49.86666666666667
1497,No risks detected,0,49.9
1498,No risks detected,0,49.93333333333333
1499,No risks detected,0,49.96666666666667
1500,No risks detected,0,50.0
1501,No risks detected,0,50.03333333333333
1502,No risks detected,0,50.06666666666667
1503,No risks detected,0,50.1
1504,No risks detected,0,50.13333333333333
1505,No risks detected,0,50.166666666666664
1506,No risks detected,0,50.2
1507,No risks detected,0,50.233333333333334
1508,No risks detected,0,50.266666666666666
1509,No risks detected,0,50.3
1510,No risks detected,0,50.333333333333336
1511,No risks detected,0,50.36666666666667
1512,No risks detected,0,50.4
1513,No risks detected,0,50.43333333333333
1514,No risks detected,0,50.46666666666667
1515,No risks detected,0,50.5
1516,No risks detected,0,50.53333333333333
1517,No risks detected,0,50.56666666666667
1518,No risks detected,0,50.6
1519,No risks detected,0,50.63333333333333
1520,No risks detected,0,50.666666666666664
1521,No risks detected,0,50.7
1522,No risks detected,0,50.733333333333334
1523,No risks detected,0,50.766666666666666
1524,No risks detected,0,50.8
1525,No risks detected,0,50.833333333333336
1526,No risks detected,0,50.86666666666667
1527,No risks detected,0,50.9
1528,No risks detected,0,50.93333333333333
1529,No risks detected,0,50.96666666666667
1530,No risks detected,0,51.0
1531,No risks detected,0,51.03333333333333
1532,No risks detected,0,51.06666666666667
1533,No risks detected,0,51.1
1534,No risks detected,0,51.13333333333333
1535,No risks detected,0,51.166666666666664
1536,No risks detected,0,51.2
1537,No risks detected,0,51.233333333333334
1538,No risks detected,0,51.266666666666666
1539,No risks detected,0,51.3
1540,No risks detected,0,51.333333333333336
1541,No risks detected,0,51.36666666666667
1542,No risks detected,0,51.4
1543,No risks detected,0,51.43333333333333
1544,No risks detected,0,51.46666666666667
1545,No risks detected,0,51.5
1546,No risks detected,0,51.53333333333333
1547,No risks detected,0,51.56666666666667
1548,No risks detected,0,51.6
1549,No risks detected,0,51.63333333333333
1550,No risks detected,0,51.666666666666664
1551,No risks detected,0,51.7
1552,No risks detected,0,51.733333333333334
1553,No risks detected,0,51.766666666666666
1554,No risks detected,0,51.8
1555,No risks detected,0,51.833333333333336
1556,No risks detected,0,51.86666666666667
1557,No risks detected,0,51.9
1558,No risks detected,0,51.93333333333333
1559,No risks detected,0,51.96666666666667
1560,No risks detected,0,52.0
1561,No risks detected,0,52.03333333333333
1562,No risks detected,0,52.06666666666667
1563,No risks detected,0,52.1
1564,No risks detected,0,52.13333333333333
1565,No risks detected,0,52.166666666666664
1566,No risks detected,0,52.2
1567,No risks detected,0,52.233333333333334
1568,No risks detected,0,52.266666666666666
1569,No risks detected,0,52.3
1570,No risks detected,0,52.333333333333336
1571,No risks detected,0,52.36666666666667
1572,No risks detected,0,52.4
1573,No risks detected,0,52.43333333333333
1574,No risks detected,0,52.46666666666667
1575,No risks detected,0,52.5
1576,No risks detected,0,52.53333333333333
1577,No risks detected,0,52.56666666666667
1578,No risks detected,0,52.6
1579,No risks detected,0,52.63333333333333
1580,No risks detected,0,52.666666666666664
1581,No risks detected,0,52.7
1582,No risks detected,0,52.733333333333334
1583,No risks detected,0,52.766666666666666
1584,No risks detected,0,52.8
1585,No risks detected,0,52.833333333333336
1586,No risks detected,0,52.86666666666667
1587,No risks detected,0,52.9
1588,No risks detected,0,52.93333333333333
1589,No risks detected,0,52.96666666666667
1590,No risks detected,0,53.0
1591,No risks detected,0,53.03333333333333
1592,No risks detected,0,53.06666666666667
1593,No risks detected,0,53.1
1594,No risks detected,0,53.13333333333333
1595,No risks detected,0,53.166666666666664
1596,No risks detected,0,53.2
